{"cameraMode":{"drawMode":0,"name":"Shaded","section":"Shading Mode"},"sceneLighting":false,"audioPlay":false,"sceneViewState":{"m_AlwaysRefresh":false,"showFog":true,"showSkybox":false,"showFlares":true,"showImageEffects":true,"showParticleSystems":true,"showVisualEffectGraphs":true,"m_FxEnabled":true},"in2DMode":false,"pivot":{"x":-0.11664962768554688,"y":4.739999771118164,"z":-9.419827461242676},"rotation":{"x":0.14258304238319398,"y":0.19025008380413056,"z":-0.027938181534409524,"w":0.9709287881851196},"size":0.21650634706020356,"orthographic":false}